Method,Accuracy,Precision,Recall,F1
MobiStego,0.9687129779213786,0.9100231558054912,0.8990196078431373,0.9044879171461448
PixelKnot,0.9829294561120087,0.9465971996092478,0.95,0.9482955472190507
PocketStego,0.851373182552504,0.79296875,0.1326797385620915,0.22732362821948487
Pictograph,0.6750134625740442,0.13952130764740223,0.049791666666666665,0.07339167818209734
SteganographyM,0.8352180936995154,0.0,0.0,0.0
Passlok,0.9176090468497576,0.0,0.0,0.0
