Method,Accuracy,Precision,Recall,F1
MobiStego,0.6812062466343565,0.3289882803157139,0.8990196078431373,0.48170197863771663
PixelKnot,0.9118470651588584,0.6620359826918697,0.95,0.7802979465843509
PocketStego,0.9036079698438342,0.6499055712936733,0.8996732026143791,0.7546600877192983
Pictograph,0.7917070543887992,0.5569125549584758,0.95,0.70218663381583
SteganographyM,0.5955304254173398,0.19675705136939636,0.4718954248366013,0.277719011443408
Passlok,0.9886914378029079,1.0,0.8627450980392157,0.9263157894736842
